ENOENT,VAR_0
IEEE80211_KEY_FLAG_PAIRWISE,VAR_1
IWL_DEBUG_WEP,FUNC_0
IWL_ERR,FUNC_1
IWL_INVALID_STATION,VAR_2
IWL_STA_UCODE_ACTIVE,VAR_3
STA_CONTROL_MODIFY_MSK,VAR_4
STA_KEY_FLG_INVALID,VAR_5
STA_KEY_FLG_KEYID_POS,VAR_6
STA_KEY_FLG_MAP_KEY_MSK,VAR_7
STA_KEY_FLG_NO_ENC,VAR_8
STA_KEY_MULTICAST_MSK,VAR_9
STA_MODIFY_KEY_MASK,VAR_10
cpu_to_le16,FUNC_2
iwl_send_add_sta,FUNC_3
iwlagn_key_sta_id,FUNC_4
lockdep_assert_held,FUNC_5
memcpy,FUNC_6
spin_lock_bh,FUNC_7
spin_unlock_bh,FUNC_8
test_and_clear_bit,FUNC_9
iwl_remove_dynamic_key,FUNC_10
priv,VAR_11
ctx,VAR_12
keyconf,VAR_13
sta,VAR_14
sta_cmd,VAR_15
sta_id,VAR_16
key_flags,VAR_17
