AU8522_REG016H,VAR_0
AU8522_REG016H_CVBS,VAR_1
AU8522_REG071H,VAR_2
AU8522_REG071H_CVBS,VAR_3
AU8522_REG072H,VAR_4
AU8522_REG072H_CVBS,VAR_5
AU8522_REG074H,VAR_6
AU8522_REG074H_CVBS,VAR_7
AU8522_REG075H,VAR_8
AU8522_REG075H_CVBS,VAR_9
AU8522_REG42EH,VAR_10
AU8522_REG42FH,VAR_11
AU8522_REG430H,VAR_12
AU8522_REG431H,VAR_13
AU8522_REG432H,VAR_14
AU8522_REG433H,VAR_15
AU8522_REG434H,VAR_16
AU8522_REG435H,VAR_17
AU8522_REG436H,VAR_18
AU8522_TOREGAAGC_REG0E5H,VAR_19
AU8522_TOREGAAGC_REG0E5H_CVBS,VAR_20
AU8522_TVDEC_AGC_HIGH_LIMIT_REG079H,VAR_21
AU8522_TVDEC_AGC_HIGH_LIMIT_REG079H_CVBS,VAR_22
AU8522_TVDEC_AGC_LOW_LIMIT_REG0E4H,VAR_23
AU8522_TVDEC_AGC_LOW_LIMIT_REG0E4H_CVBS,VAR_24
AU8522_TVDEC_BRIGHTNESS_REG00AH,VAR_25
AU8522_TVDEC_COMB_DCDIF_THR1_REG06CH,VAR_26
AU8522_TVDEC_COMB_DCDIF_THR1_REG06CH_CVBS,VAR_27
AU8522_TVDEC_COMB_DCDIF_THR1_REG06CH_SVIDEO,VAR_28
AU8522_TVDEC_COMB_DCDIF_THR2_REG06DH,VAR_29
AU8522_TVDEC_COMB_DCDIF_THR2_REG06DH_CVBS,VAR_30
AU8522_TVDEC_COMB_DCDIF_THR2_REG06DH_SVIDEO,VAR_31
AU8522_TVDEC_COMB_DCDIF_THR3_REG06EH,VAR_32
AU8522_TVDEC_COMB_DCDIF_THR3_REG06EH_CVBS,VAR_33
AU8522_TVDEC_COMB_DC_THR1_NTSC_REG070H,VAR_34
AU8522_TVDEC_COMB_DC_THR1_NTSC_REG070H_CVBS,VAR_35
AU8522_TVDEC_COMB_DC_THR2_NTSC_REG073H,VAR_36
AU8522_TVDEC_COMB_DC_THR2_NTSC_REG073H_CVBS,VAR_37
AU8522_TVDEC_COMB_HDIF_THR1_REG069H,VAR_38
AU8522_TVDEC_COMB_HDIF_THR1_REG069H_CVBS,VAR_39
AU8522_TVDEC_COMB_HDIF_THR2_REG06AH,VAR_40
AU8522_TVDEC_COMB_HDIF_THR2_REG06AH_CVBS,VAR_41
AU8522_TVDEC_COMB_HDIF_THR3_REG06BH,VAR_42
AU8522_TVDEC_COMB_HDIF_THR3_REG06BH_CVBS,VAR_43
AU8522_TVDEC_COMB_MODE_REG015H,VAR_44
AU8522_TVDEC_COMB_MODE_REG015H_CVBS,VAR_45
AU8522_TVDEC_COMB_NOTCH_THR_REG068H,VAR_46
AU8522_TVDEC_COMB_NOTCH_THR_REG068H_CVBS,VAR_47
AU8522_TVDEC_COMB_VDIF_THR1_REG065H,VAR_48
AU8522_TVDEC_COMB_VDIF_THR1_REG065H_CVBS,VAR_49
AU8522_TVDEC_COMB_VDIF_THR2_REG066H,VAR_50
AU8522_TVDEC_COMB_VDIF_THR2_REG066H_CVBS,VAR_51
AU8522_TVDEC_COMB_VDIF_THR3_REG067H,VAR_52
AU8522_TVDEC_COMB_VDIF_THR3_REG067H_CVBS,VAR_53
AU8522_TVDEC_CONTRAST_REG00BH,VAR_54
AU8522_TVDEC_DCAGC_CTRL_REG077H,VAR_55
AU8522_TVDEC_DCAGC_CTRL_REG077H_CVBS,VAR_56
AU8522_TVDEC_FORMAT_CTRL1_REG061H,VAR_57
AU8522_TVDEC_FORMAT_CTRL1_REG061H_FIELD_LEN_525,VAR_58
AU8522_TVDEC_FORMAT_CTRL1_REG061H_LINE_LEN_63_492,VAR_59
AU8522_TVDEC_FORMAT_CTRL1_REG061H_SUBCARRIER_NTSC_AUTO,VAR_60
AU8522_TVDEC_FORMAT_CTRL1_REG061H_SUBCARRIER_NTSC_MN,VAR_61
AU8522_TVDEC_FORMAT_CTRL2_REG062H,VAR_62
AU8522_TVDEC_FORMAT_CTRL2_REG062H_STD_NTSC,VAR_63
AU8522_TVDEC_FORMAT_CTRL2_REG062H_STD_PAL_M,VAR_64
AU8522_TVDEC_HUE_H_REG00EH,VAR_65
AU8522_TVDEC_HUE_L_REG00FH,VAR_66
AU8522_TVDEC_INTRP_CTRL_REG07BH,VAR_67
AU8522_TVDEC_INTRP_CTRL_REG07BH_CVBS,VAR_68
AU8522_TVDEC_INT_MASK_REG010H,VAR_69
AU8522_TVDEC_MACROVISION_SYNC_THR_REG07AH,VAR_70
AU8522_TVDEC_MACROVISION_SYNC_THR_REG07AH_CVBS,VAR_71
AU8522_TVDEC_PGA_REG012H,VAR_72
AU8522_TVDEC_PGA_REG012H_CVBS,VAR_73
AU8522_TVDEC_PIC_START_ADJ_REG078H,VAR_74
AU8522_TVDEC_PIC_START_ADJ_REG078H_CVBS,VAR_75
AU8522_TVDEC_SATURATION_CB_REG00CH,VAR_76
AU8522_TVDEC_SATURATION_CR_REG00DH,VAR_77
AU8522_TVDEC_SHARPNESSREG009H,VAR_78
AU8522_TVDEC_UV_SEP_THR_REG06FH,VAR_79
AU8522_TVDEC_UV_SEP_THR_REG06FH_CVBS,VAR_80
AU8522_TVDEC_VCR_DET_HLIM_REG064H,VAR_81
AU8522_TVDEC_VCR_DET_HLIM_REG064H_CVBS,VAR_82
AU8522_TVDEC_VCR_DET_LLIM_REG063H,VAR_83
AU8522_TVDEC_VCR_DET_LLIM_REG063H_CVBS,VAR_84
AU8522_TVDED_DBG_MODE_REG060H,VAR_85
AU8522_TVDED_DBG_MODE_REG060H_CVBS,VAR_86
AU8522_VIDEO_MODE_REG011H,VAR_87
NUM_FILTER_COEF,VAR_88
V4L2_STD_PAL_M,VAR_89
au8522_writereg,FUNC_0
filter_coef,VAR_90
setup_decoder_defaults,FUNC_1
state,VAR_91
is_svideo,VAR_92
i,VAR_93
filter_coef_type,VAR_94
