DB_PCMN,FUNC_0
EVENT_PCM,VAR_0
FALSE,VAR_1
INDEX_PORT,VAR_2
PA,VAR_3
PB,VAR_4
PCM_ACTIVE,VAR_5
PCM_CONNECTING,VAR_6
PCM_STANDBY,VAR_7
PC_START,VAR_8
PC_WH_NONE,VAR_9
PM_TREE,VAR_10
POLICY_AA,VAR_11
POLICY_AB,VAR_12
POLICY_AM,VAR_13
POLICY_AS,VAR_14
POLICY_BA,VAR_15
POLICY_BB,VAR_16
POLICY_BM,VAR_17
POLICY_BS,VAR_18
POLICY_MA,VAR_19
POLICY_MB,VAR_20
POLICY_MM,VAR_21
POLICY_MS,VAR_22
POLICY_SA,VAR_23
POLICY_SB,VAR_24
POLICY_SM,VAR_25
POLICY_SS,VAR_26
PS,VAR_27
SMT_EVENT_PORT_CONNECTION,VAR_28
TRUE,VAR_29
lem_check_lct,FUNC_1
queue_event,FUNC_2
smt_srf_event,FUNC_3
pc_tcode_actions,FUNC_4
smc,VAR_30
bit,VAR_31
phy,VAR_32
np,VAR_33
mib,VAR_34
type,VAR_35
ne,VAR_36
policy,VAR_37
